model,threshold,cost_per_turn,total_return,avg_daily_return,daily_return_std,annualized_sharpe,hit_rate_active_days,active_day_pct,turnover,max_drawdown
RandomForest,0.5,0.0,247.5,0.9375,5.598538347532138,2.658256530706543,0.5806451612903226,0.23484848484848486,15.0,33.5
ElasticNet,0.5,0.0,146.25,0.5539772727272727,3.709461859537345,2.3707257027319417,0.6896551724137931,0.10984848484848485,9.0,15.75
MeanReversion20,0.5,0.0,57.75,0.21875,8.174917682724285,0.4247808639236415,0.43829787234042555,0.8901515151515151,43.0,76.5
XGBoost,0.5,0.0,57.5,0.2178030303030303,8.072992368346743,0.42828182662788267,0.5571428571428572,0.26515151515151514,25.0,110.75
ZeroChange,0.5,0.0,0.0,0.0,0.0,,,0.0,0.0,0.0
