model,threshold,cost_per_turn,total_return,avg_daily_return,daily_return_std,annualized_sharpe,hit_rate_active_days,active_day_pct,turnover,max_drawdown
RandomForest,0.5,0.0,43.5,0.19772727272727272,1.268094245917442,2.4752286010394813,0.5526315789473685,0.17272727272727273,18.0,9.75
XGBoost,0.5,0.0,38.25,0.17386363636363636,1.617429520607384,1.7064110849768848,0.367816091954023,0.39545454545454545,40.0,13.5
MeanReversion20,0.5,0.0,5.25,0.023863636363636365,2.437106346682746,0.15543986567955512,0.425,0.9090909090909091,44.0,25.5
ZeroChange,0.5,0.0,0.0,0.0,0.0,,,0.0,0.0,0.0
ElasticNet,0.5,0.0,0.0,0.0,0.0,,,0.0,0.0,0.0
