model,threshold,cost_per_turn,total_return,avg_daily_return,daily_return_std,annualized_sharpe,hit_rate_active_days,active_day_pct,turnover,max_drawdown
RandomForest,0.5,0.0,255.0,0.9375,5.472210039882262,2.7196235188842506,0.5714285714285714,0.23161764705882354,15.0,21.0
XGBoost,0.5,0.0,188.75,0.6939338235294118,7.979254464199283,1.3805623056383467,0.5753424657534246,0.26838235294117646,23.0,111.0
MeanReversion20,0.5,0.0,73.0,0.26838235294117646,8.134419446780402,0.523754374954267,0.4403292181069959,0.8933823529411765,47.0,79.0
ElasticNet,0.5,0.0,49.25,0.18106617647058823,4.563439665850308,0.6298618264263809,0.5384615384615384,0.09558823529411764,11.0,47.0
ZeroChange,0.5,0.0,0.0,0.0,0.0,,,0.0,0.0,0.0
