model,change_rmse,change_mae,change_r2,directional_accuracy_when_active,directional_coverage
ElasticNet,2.4378237114181167,1.5516677552738034,0.011493051505633178,0.5,1.0
ZeroChange,2.452039967047846,1.5545454545454545,-6.959127583150426e-05,,0.0
RandomForest,2.4323275749093813,1.6256353817097036,0.015945255919547763,0.4,1.0
XGBoost,2.458708102796608,1.7002955480563369,-0.0055162130739583315,0.39090909090909093,1.0
MeanReversion20,5.648682657668552,4.475056818181819,-4.3072492738021495,0.4409090909090909,1.0
