model,change_rmse,change_mae,change_r2,move_correlation,raw_directional_accuracy_when_nonzero,raw_directional_coverage,threshold,threshold_directional_accuracy,threshold_signal_coverage,threshold_signal_count
ElasticNet,8.200220100250599,3.083690693346681,0.009198576287532623,0.18594459146317627,0.4696969696969697,1.0,0.5,0.6896551724137931,0.10984848484848485,29
RandomForest,8.111293501524736,3.0904693615428385,0.030571382477956988,0.19446773970731196,0.45075757575757575,1.0,0.5,0.5806451612903226,0.23484848484848486,62
ZeroChange,8.241989913077589,3.1041666666666665,-0.0009209066744804151,,,0.0,0.5,,0.0,0
XGBoost,8.239837079662665,3.183201594352299,-0.00039808765286375447,0.20039619646980183,0.4583333333333333,1.0,0.5,0.5571428571428572,0.26515151515151514,70
MeanReversion20,15.56981814593664,9.039535984848484,-2.571927895449186,0.1544051671119445,0.4600760456273764,0.9962121212121212,0.5,0.43829787234042555,0.8901515151515151,235
