model,change_rmse,change_mae,change_r2,move_correlation,raw_directional_accuracy_when_nonzero,raw_directional_coverage,threshold,threshold_directional_accuracy,threshold_signal_coverage,threshold_signal_count
XGBoost,8.076111084862202,3.127434421868255,0.029055163978585874,0.21433224916664642,0.47058823529411764,1.0,0.5,0.5753424657534246,0.26838235294117646,73
ElasticNet,8.183700139247728,3.1384556081903736,0.00301320934310334,0.06860308589633611,0.4632352941176471,1.0,0.5,0.5384615384615384,0.09558823529411764,26
ZeroChange,8.197821289651221,3.1387867647058822,-0.0004304033614546121,,,0.0,0.5,,0.0,0
RandomForest,8.118805170546134,3.1651459697693194,0.01876229576192634,0.1488677445610628,0.4338235294117647,1.0,0.5,0.5714285714285714,0.23161764705882354,63
MeanReversion20,15.448678228487799,8.908088235294118,-2.5528154080404324,0.15857667635337155,0.4612546125461255,0.9963235294117647,0.5,0.4403292181069959,0.8933823529411765,243
